violation_code|era|violation_description
1|post_2018|PERSON IN CHARGE PRESENT, DEMONSTRATES KNOWLEDGE, AND PERFORMS DUTIES
1|pre_2018|SOURCE SOUND CONDITION, NO SPOILAGE, FOODS PROPERLY LABELED, SHELLFISH TAGS IN PLACE
10|post_2018|ADEQUATE HANDWASHING SINKS PROPERLY SUPPLIED AND ACCESSIBLE
10|pre_2018|SEWAGE AND WASTE WATER DISPOSAL, NO BACK SIPHONAGE, CROSS  CONNECTION AND/OR BACK FLOW
11|post_2018|FOOD OBTAINED FROM APPROVED SOURCE
11|pre_2018|ADEQUATE NUMBER, CONVENIENT, ACCESSIBLE, DESIGNED, AND MAINTAINED
12|post_2018|FOOD RECEIVED AT PROPER TEMPERATURE
12|pre_2018|HAND WASHING FACILITIES: WITH SOAP AND SANITARY HAND DRYING DEVICES, CONVENIENT AND ACCESSIBLE TO FOOD PREP AREA
13|post_2018|FOOD IN GOOD CONDITION, SAFE, & UNADULTERATED
13|pre_2018|NO EVIDENCE OF RODENT OR INSECT INFESTATION, NO BIRDS, TURTLES OR OTHER ANIMALS
14|post_2018|REQUIRED RECORDS AVAILABLE: SHELLSTOCK TAGS, PARASITE DESTRUCTION
14|pre_2018|PREVIOUS SERIOUS VIOLATION CORRECTED, 7-42-090
15|post_2018|FOOD SEPARATED AND PROTECTED
15|pre_2018|UNWRAPPED AND POTENTIALLY HAZARDOUS FOOD NOT RE-SERVED
16|post_2018|FOOD-CONTACT SURFACES: CLEANED & SANITIZED
16|pre_2018|FOOD PROTECTED DURING STORAGE, PREPARATION, DISPLAY, SERVICE AND TRANSPORTATION
17|post_2018|PROPER DISPOSITION OF RETURNED, PREVIOUSLY SERVED, RECONDITIONED & UNSAFE FOOD
17|pre_2018|POTENTIALLY HAZARDOUS FOOD PROPERLY THAWED
18|post_2018|PROPER COOKING TIME & TEMPERATURES
18|pre_2018|NO EVIDENCE OF RODENT OR INSECT OUTER OPENINGS PROTECTED/RODENT PROOFED, A WRITTEN LOG SHALL BE MAINTAINED AVAILABLE TO THE INSPECTORS
19|post_2018|PROPER REHEATING PROCEDURES FOR HOT HOLDING
19|pre_2018|OUTSIDE GARBAGE WASTE GREASE AND STORAGE AREA; CLEAN, RODENT PROOF, ALL CONTAINERS COVERED
2|post_2018|CITY OF CHICAGO FOOD SERVICE SANITATION CERTIFICATE
2|pre_2018|FACILITIES TO MAINTAIN PROPER TEMPERATURE
20|post_2018|PROPER COOLING TIME AND TEMPERATURE
20|pre_2018|INSIDE CONTAINERS OR RECEPTACLES: ADEQUATE NUMBER, PROPERLY COVERED AND INSECT/RODENT PROOF
21|post_2018|PROPER HOT HOLDING TEMPERATURES
21|pre_2018|* CERTIFIED FOOD MANAGER ON SITE WHEN POTENTIALLY HAZARDOUS FOODS ARE  PREPARED AND SERVED
22|post_2018|PROPER COLD HOLDING TEMPERATURES
22|pre_2018|DISH MACHINES: PROVIDED WITH ACCURATE THERMOMETERS, CHEMICAL TEST KITS AND SUITABLE GAUGE COCK
23|post_2018|PROPER DATE MARKING AND DISPOSITION
23|pre_2018|DISHES AND UTENSILS FLUSHED, SCRAPED, SOAKED
24|post_2018|TIME AS A PUBLIC HEALTH CONTROL; PROCEDURES & RECORDS
24|pre_2018|DISH WASHING FACILITIES: PROPERLY DESIGNED, CONSTRUCTED, MAINTAINED, INSTALLED, LOCATED AND OPERATED
25|post_2018|CONSUMER ADVISORY PROVIDED FOR RAW/UNDERCOOKED FOOD
25|pre_2018|TOXIC ITEMS PROPERLY STORED, LABELED AND USED
26|post_2018|PASTEURIZED FOODS USED; PROHIBITED FOODS NOT OFFERED
26|pre_2018|ADEQUATE NUMBER, CONVENIENT, ACCESSIBLE, PROPERLY DESIGNED AND INSTALLED
27|post_2018|FOOD ADDITIVES: APPROVED AND PROPERLY USED
27|pre_2018|TOILET ROOMS ENCLOSED CLEAN, PROVIDED WITH HAND CLEANSER, SANITARY HAND DRYING DEVICES AND PROPER WASTE RECEPTACLES
28|post_2018|TOXIC SUBSTANCES PROPERLY IDENTIFIED, STORED, & USED
28|pre_2018|* INSPECTION REPORT SUMMARY DISPLAYED AND VISIBLE TO ALL CUSTOMERS
29|post_2018|COMPLIANCE WITH VARIANCE/SPECIALIZED PROCESS/HACCP
29|pre_2018|PREVIOUS MINOR VIOLATION(S) CORRECTED 7-42-090
3|post_2018|MANAGEMENT, FOOD EMPLOYEE AND CONDITIONAL EMPLOYEE; KNOWLEDGE, RESPONSIBILITIES AND REPORTING
3|pre_2018|POTENTIALLY HAZARDOUS FOOD MEETS TEMPERATURE REQUIREMENT DURING STORAGE, PREPARATION DISPLAY AND SERVICE
30|post_2018|PASTEURIZED EGGS USED WHERE REQUIRED
30|pre_2018|FOOD IN ORIGINAL CONTAINER, PROPERLY LABELED: CUSTOMER ADVISORY POSTED AS NEEDED
31|post_2018|WATER & ICE FROM APPROVED SOURCE
31|pre_2018|CLEAN MULTI-USE UTENSILS AND SINGLE SERVICE ARTICLES PROPERLY STORED: NO REUSE OF SINGLE SERVICE ARTICLES
32|post_2018|VARIANCE OBTAINED FOR SPECIALIZED PROCESSING METHODS
32|pre_2018|FOOD AND NON-FOOD CONTACT SURFACES PROPERLY DESIGNED, CONSTRUCTED AND MAINTAINED
33|post_2018|PROPER COOLING METHODS USED; ADEQUATE EQUIPMENT FOR TEMPERATURE CONTROL
33|pre_2018|FOOD AND NON-FOOD CONTACT EQUIPMENT UTENSILS CLEAN, FREE OF ABRASIVE DETERGENTS
34|post_2018|PLANT FOOD PROPERLY COOKED FOR HOT HOLDING
34|pre_2018|FLOORS: CONSTRUCTED PER CODE, CLEANED, GOOD REPAIR, COVING INSTALLED, DUST-LESS CLEANING METHODS USED
35|post_2018|APPROVED THAWING METHODS USED
35|pre_2018|WALLS, CEILINGS, ATTACHED EQUIPMENT CONSTRUCTED PER CODE: GOOD REPAIR, SURFACES CLEAN AND DUST-LESS CLEANING METHODS
36|post_2018|THERMOMETERS PROVIDED & ACCURATE
36|pre_2018|LIGHTING: REQUIRED MINIMUM FOOT-CANDLES OF LIGHT PROVIDED, FIXTURES SHIELDED
37|post_2018|FOOD PROPERLY LABELED; ORIGINAL CONTAINER
37|pre_2018|TOILET ROOM DOORS SELF CLOSING: DRESSING ROOMS WITH LOCKERS PROVIDED: COMPLETE SEPARATION FROM LIVING/SLEEPING QUARTERS
38|post_2018|INSECTS, RODENTS, & ANIMALS NOT PRESENT
38|pre_2018|VENTILATION: ROOMS AND EQUIPMENT VENTED AS REQUIRED: PLUMBING: INSTALLED AND MAINTAINED
39|post_2018|CONTAMINATION PREVENTED DURING FOOD PREPARATION, STORAGE & DISPLAY
39|pre_2018|LINEN: CLEAN AND SOILED PROPERLY STORED
4|post_2018|PROPER USE OF RESTRICTION AND EXCLUSION
4|pre_2018|SOURCE OF CROSS CONTAMINATION CONTROLLED I.E. CUTTING BOARDS, FOOD  HANDLERS, UTENSILS, ETC
40|post_2018|PERSONAL CLEANLINESS
40|pre_2018|REFRIGERATION AND METAL STEM THERMOMETERS PROVIDED AND CONSPICUOUS
41|post_2018|WIPING CLOTHS: PROPERLY USED & STORED
41|pre_2018|PREMISES MAINTAINED FREE OF LITTER, UNNECESSARY ARTICLES, CLEANING  EQUIPMENT PROPERLY STORED
42|post_2018|WASHING FRUITS & VEGETABLES
42|pre_2018|APPROPRIATE METHOD OF HANDLING OF FOOD (ICE) HAIR RESTRAINTS AND CLEAN APPAREL WORN
43|post_2018|IN-USE UTENSILS: PROPERLY STORED
43|pre_2018|FOOD (ICE) DISPENSING UTENSILS, WASH CLOTHS PROPERLY STORED
44|post_2018|UTENSILS, EQUIPMENT & LINENS: PROPERLY STORED, DRIED, & HANDLED
44|pre_2018|ONLY AUTHORIZED PERSONNEL IN THE FOOD-PREP AREA
45|post_2018|SINGLE-USE/SINGLE-SERVICE ARTICLES: PROPERLY STORED & USED
45|pre_2018|FOOD HANDLER REQUIREMENTS MET
46|post_2018|GLOVES USED PROPERLY
47|post_2018|FOOD & NON-FOOD CONTACT SURFACES CLEANABLE, PROPERLY DESIGNED, CONSTRUCTED & USED
48|post_2018|WAREWASHING FACILITIES: INSTALLED, MAINTAINED & USED; TEST STRIPS
49|post_2018|NON-FOOD/FOOD CONTACT SURFACES CLEAN
5|post_2018|PROCEDURES FOR RESPONDING TO VOMITING AND DIARRHEAL EVENTS
5|pre_2018|PERSONNEL WITH INFECTIONS RESTRICTED: NO OPEN SORES, WOUNDS, ETC
50|post_2018|HOT & COLD WATER AVAILABLE; ADEQUATE PRESSURE
51|post_2018|PLUMBING INSTALLED; PROPER BACKFLOW DEVICES
52|post_2018|SEWAGE & WASTE WATER PROPERLY DISPOSED
53|post_2018|TOILET FACILITIES: PROPERLY CONSTRUCTED, SUPPLIED, & CLEANED
54|post_2018|GARBAGE & REFUSE PROPERLY DISPOSED; FACILITIES MAINTAINED
55|post_2018|PHYSICAL FACILITIES INSTALLED, MAINTAINED & CLEAN
56|post_2018|ADEQUATE VENTILATION & LIGHTING; DESIGNATED AREAS USED
57|post_2018|ALL FOOD EMPLOYEES HAVE FOOD HANDLER TRAINING
58|post_2018|ALLERGEN TRAINING AS REQUIRED
59|post_2018|PREVIOUS PRIORITY FOUNDATION VIOLATION CORRECTED
6|post_2018|PROPER EATING, TASTING, DRINKING, OR TOBACCO USE
6|pre_2018|HANDS WASHED AND CLEANED, GOOD HYGIENIC PRACTICES; NO BARE HAND CONTACT WITH READY-TO-EAT FOODS.
60|post_2018|PREVIOUS CORE VIOLATION CORRECTED
61|post_2018|SUMMARY REPORT DISPLAYED AND VISIBLE TO THE PUBLIC
62|post_2018|COMPLIANCE WITH CLEAN INDOOR AIR ORDINANCE
63|post_2018|REMOVAL OF SUSPENSION SIGN
64|post_2018|MISCELLANEOUS / PUBLIC HEALTH ORDERS
7|post_2018|NO DISCHARGE FROM EYES, NOSE, AND MOUTH
7|pre_2018|WASH AND RINSE WATER: CLEAN AND PROPER TEMPERATURE
70|pre_2018|NO SMOKING REGULATIONS
8|post_2018|HANDS CLEAN & PROPERLY WASHED
8|pre_2018|SANITIZING RINSE FOR EQUIPMENT AND UTENSILS:  CLEAN, PROPER TEMPERATURE, CONCENTRATION, EXPOSURE TIME
9|post_2018|NO BARE HAND CONTACT WITH RTE FOOD OR A PRE-APPROVED ALTERNATIVE PROCEDURE PROPERLY ALLOWED
9|pre_2018|WATER SOURCE: SAFE, HOT & COLD UNDER CITY PRESSURE
